code,system
1593,readv2
1A24.00,readv2
1A24.11,readv2
K198.00,readv2
K586.00,readv2
16F..00,readv2
1A27.11,readv2
679H.00,readv2
679H.11,readv2
7D17.11,readv2
8C14.00,readv2
8C14.11,readv2
Z1J3.00,readv2
Z1J4.00,readv2
ZRas400,readv2
19E3.00,readv2
19E3.11,readv2
R076.00,readv2
R076z00,readv2
1A23.00,readv2
222K.00,readv2
R083.00,readv2
R083z00,readv2
Z89AE00,readv2
1A25.00,readv2
1A26.00,readv2
R083200,readv2
1A25.11,readv2
R086200,readv2
1A27.00,readv2
1A36.00,readv2
1A37.00,readv2
393..11,readv2
3930,readv2
393..12,readv2
394..11,readv2
394..12,readv2
39H..00,readv2
39H0.00,readv2
ZQ3C.00,readv2
3931,readv2
3941,readv2
3940,readv2
8E97.00,readv2
8E97000,readv2
7B31200,readv2
7B31211,readv2
7B33800,readv2
7B33C00,readv2
7B42100,readv2
7B42112,readv2
8D74.00,readv2
7B42111,readv2
7B42113,readv2
8D7..00,readv2
8D7..11,readv2
8D7..12,readv2
8D71.00,readv2
8D7Z.00,readv2
8D74.11,readv2
Z1J1.00,readv2
Z915.11,readv2
8D75.00,readv2
Z1J2.00,readv2
8H7w.00,readv2
8HR6.00,readv2
8HTX.00,readv2
ZL62400,readv2
9Nl8.00,readv2
ZL22400,readv2
ZLA2400,readv2
ZLD7400,readv2
Kyu5A00,readv2
R076100,readv2
R083100,readv2
Z121400,readv2
Z1S..00,readv2
Z1S1.00,readv2
Z1J..00,readv2
Z915.00,readv2
Z1S2.00,readv2
Z1S2100,readv2
Z89A.00,readv2
Z89A100,readv2
Z89A200,readv2